{
    "features": {
        "spectral_centroid_mean": 2847.71303226446,
        "spectral_bandwidth_mean": 1692.1028980475414,
        "spectral_contrast_mean": 13.794829905535154,
        "spectral_rolloff_mean": 4591.711867092464,
        "tonnetz_mean": -0.0050615548419750645,
        "zero_crossing_rate_mean": 0.0,
        "mfcc_0_mean": -639.2015380859375,
        "mfcc_1_mean": 122.17855072021484,
        "mfcc_2_mean": -90.95389556884766,
        "mfcc_3_mean": -8.294971466064453,
        "mfcc_4_mean": -27.60011100769043,
        "mfcc_5_mean": -44.53173828125,
        "mfcc_6_mean": -10.86575698852539,
        "mfcc_7_mean": -32.20936965942383,
        "mfcc_8_mean": -16.381515502929688,
        "mfcc_9_mean": -15.782462120056152,
        "mfcc_10_mean": -28.98565101623535,
        "mfcc_11_mean": -14.157489776611328,
        "mfcc_12_mean": -26.898406982421875
    },
    "phash": "fd139ee4517bc97547a36ef21ee4011e3e39187793bc6903ed5878d67a3532ed"
}