{
    "features": {
        "spectral_centroid_mean": 1711.468848270148,
        "spectral_bandwidth_mean": 1818.2952046583646,
        "spectral_contrast_mean": 9.524543996009708,
        "spectral_rolloff_mean": 3618.5220189815145,
        "tonnetz_mean": -0.0011710692761532034,
        "zero_crossing_rate_mean": 0.0,
        "mfcc_0_mean": -581.2496337890625,
        "mfcc_1_mean": 193.7558135986328,
        "mfcc_2_mean": -38.10567855834961,
        "mfcc_3_mean": 38.192745208740234,
        "mfcc_4_mean": 20.139097213745117,
        "mfcc_5_mean": -0.8005390763282776,
        "mfcc_6_mean": 25.86094856262207,
        "mfcc_7_mean": -5.538358211517334,
        "mfcc_8_mean": 6.419295310974121,
        "mfcc_9_mean": 10.629253387451172,
        "mfcc_10_mean": -4.521289348602295,
        "mfcc_11_mean": 10.74328327178955,
        "mfcc_12_mean": -2.2310807704925537
    },
    "phash": "debf4d91b4e2c777c8e7e0fafb0fe14112d6b5b5b593a382679061a395173c9d"
}