{
    "features": {
        "spectral_centroid_mean": 1300.0135108238314,
        "spectral_bandwidth_mean": 1692.5881205932756,
        "spectral_contrast_mean": 8.341897406448897,
        "spectral_rolloff_mean": 2942.4949932686436,
        "tonnetz_mean": 0.0006432963623076522,
        "zero_crossing_rate_mean": 0.0,
        "mfcc_0_mean": -627.32470703125,
        "mfcc_1_mean": 185.484130859375,
        "mfcc_2_mean": -14.640687942504883,
        "mfcc_3_mean": 31.330808639526367,
        "mfcc_4_mean": 30.170228958129883,
        "mfcc_5_mean": 11.981963157653809,
        "mfcc_6_mean": 22.523117065429688,
        "mfcc_7_mean": -2.6968393325805664,
        "mfcc_8_mean": 3.7482590675354004,
        "mfcc_9_mean": 9.84602165222168,
        "mfcc_10_mean": 0.9212935566902161,
        "mfcc_11_mean": 11.99023151397705,
        "mfcc_12_mean": 3.3915417194366455
    },
    "phash": "5bdbf9d47ce6da52cbf3f292958ed0d045e84bb532c29e2cfd6b592d7a6e09e0"
}